<?xml version="1.0" encoding="ISO-8859-1"?>
<?xml-stylesheet type="text/xsl" href="TVGuide2.xsl"?>
<TVGuide start="2001-07-05" end="2001-07-05">
  <Channel>
    <Name>BBC1</Name>
    <Program rating="3">
      <Start>2001-07-05T19:00:00</Start>
      <Duration>PT30M</Duration>
      <Series>QuestionOfSport</Series>
      <Title></Title>
    </Program>
    <Program rating="5" flag="favorite">
      <Start>2001-07-05T19:30:00</Start>
      <Duration>PT30M</Duration>
      <Series>EastEnders</Series>
      <Title></Title>
      <Description>
        <Character>Mark</Character>'s health scare forces him to reconsider his
        future with <Character>Lisa</Character>, while 
        <Link href="http://www.bbc.co.uk/eastenders/characters/jamie_m_biog.shtml">
          <Character>Jamie</Character>
        </Link> is torn between <Character>Sonia</Character> and 
        <Character>Zoe</Character>.
      </Description>
      <CastList>
        <CastMember>
          <Character>
            <Name>Zoe Slater</Name>
            <Description>
              The youngest Slater girl, <Character>Zoe</Character> really 
              makes the most of the fact she's the baby of the family.
            </Description>
          </Character>
          <Actor>
            <Name>Michelle Ryan</Name>
            <Description>
              For more details, see 
              <Link href="http://www.ajmanagement.co.uk/michelle-ryan.htm">
                <Actor>Michelle Ryan</Actor>'s Agency
              </Link>.
            </Description>
          </Actor>
        </CastMember>
        <CastMember>
          <Character>
            <Name>Jamie Mitchell</Name>
            <Description>
              Jamie's a bit of a heartthrob (who could resist that 
              little-boy-lost look?) but until <Character>Janine 
              Butcher</Character> came along he'd steered clear of girls.
            </Description>
          </Character>
          <Actor>
            <Name>Jack Ryder</Name>
            <Description>
              Won Best Newcomer for <Character>Jamie Mitchell</Character>
              in the 1999 TV awards.
            </Description>
          </Actor>
        </CastMember>
        <CastMember>
          <Character>
            <Name>Sonia Jackson</Name>
            <Description>
              Amongst the Jackson crowd <Character>Sonia</Character> has 
              always been the one with her head screwed on right.
            </Description>
          </Character>
          <Actor>
            <Name>Natalie Cassidy</Name>
            <Description>
              Started training at The Anna Scher Theatre when she was 
              eight years old.
            </Description>
          </Actor>
        </CastMember>
      </CastList>
      <Writers>
        <Writer><Name>Nick Saltrese</Name></Writer>
        <Writer><Name>Julie Wassmer</Name></Writer>
      </Writers>
      <Director><Name>Stewart Edwards</Name></Director>
      <Producer><Name>Emma Turner</Name></Producer>
    </Program>
    <Program type="documentary" rating="5">
      <Start>2001-07-05T20:00:00</Start>
      <Duration>PT45M</Duration>
      <Series></Series>
      <Title>Get Real with Casualty</Title>
    </Program>
    <Program rating="2">
      <Start>2001-07-05T20:45:00</Start>
      <Duration>PT45M</Duration>
      <Series>Lottery</Series>
      <Title></Title>
    </Program>
    <Program rating="6">
      <Start>2001-07-05T21:30:00</Start>
      <Duration>PT1H</Duration>
      <Series>Panorama</Series>
      <Title></Title>
    </Program>
  </Channel>
  <Channel>
    <Name>BBC2</Name>
    <Program rating="2">
      <Start>2001-07-05T19:00:00</Start>
      <Duration>PT1H</Duration>
      <Series>Snooker</Series>
      <Title></Title>
    </Program>
    <Program rating="7">
      <Start>2001-07-05T20:00:00</Start>
      <Duration>PT1H</Duration>
      <Series>HomeFront</Series>
      <Title></Title>
    </Program>
    <Program rating="7">
      <Start>2001-07-05T21:00:00</Start>
      <Duration>PT50M</Duration>
      <Series>WildAfrica</Series>
      <Title></Title>
    </Program>
    <Program flag="interesting" rating="6">
      <Start>2001-07-05T21:50:00</Start>
      <Duration>PT40M</Duration>
      <Series>Taboo</Series>
      <Title>Nakedness</Title>
    </Program>
  </Channel>
  <Channel>
    <Name>ITV</Name>
    <Program rating="4">
      <Start>2001-07-05T19:00:00</Start>
      <Duration>PT30M</Duration>
      <Series>Emmerdale</Series>
      <Title></Title>
    </Program>
    <Program rating="3">
      <Start>2001-07-05T19:30:00</Start>
      <Duration>PT30M</Duration>
      <Series>CoronationStreet</Series>
      <Title></Title>
    </Program>
    <Program rating="5">
      <Start>2001-07-05T20:00:00</Start>
      <Duration>PT1H</Duration>
      <Series>Millionaire</Series>
      <Title></Title>
    </Program>
    <Program type="drama" rating="8">
      <Start>2001-07-05T21:00:00</Start>
      <Duration>PT2H</Duration>
      <Series></Series>
      <Title>Hot Money</Title>
    </Program>
  </Channel>
  <Channel>
    <Name>Channel 4</Name>
    <Program rating="7">
      <Start>2001-07-05T19:00:00</Start>
      <Duration>PT55M</Duration>
      <Series>Channel4News</Series>
      <Title></Title>
    </Program>
    <Program rating="4">
      <Start>2001-07-05T19:55:00</Start>
      <Duration>PT5M</Duration>
      <Series>SlotArt</Series>
      <Title></Title>
    </Program>
    <Program rating="5">
      <Start>2001-07-05T20:00:00</Start>
      <Duration>PT30M</Duration>
      <Series>Brookside</Series>
      <Title></Title>
    </Program>
    <Program rating="5">
      <Start>2001-07-05T20:30:00</Start>
      <Duration>PT30M</Duration>
      <Series>Brookside</Series>
      <Title></Title>
    </Program>
    <Program rating="6">
      <Start>2001-07-05T21:00:00</Start>
      <Duration>PT1H</Duration>
      <Series>Swallow</Series>
      <Title></Title>
    </Program>
    <Program flag="favorite" rating="6">
      <Start>2001-07-05T22:00:00</Start>
      <Duration>PT1H</Duration>
      <Series>AllyMcBeal</Series>
      <Title></Title>
    </Program>
  </Channel>
  <Channel>
    <Name>Channel 5</Name>
    <Program rating="7">
      <Start>2001-07-05T19:00:00</Start>
      <Duration>PT30M</Duration>
      <Series>MovieChartShow</Series>
      <Title></Title>
    </Program>
    <Program rating="5">
      <Start>2001-07-05T19:30:00</Start>
      <Duration>PT30M</Duration>
      <Series>FiveNews</Series>
      <Title></Title>
    </Program>
    <Program type="entertainment" rating="1">
      <Start>2001-07-05T20:00:00</Start>
      <Duration>PT1H</Duration>
      <Series></Series>
      <Title>The World's Worst Drivers Caught On Tape</Title>
    </Program>
    <Program type="film" rating="3">
      <Start>2001-07-05T21:00:00</Start>
      <Duration>PT1H55M</Duration>
      <Series></Series>
      <Title>Black and White</Title>
    </Program>
  </Channel>
  <Channel>
    <Name>Sky One</Name>
    <Program rating="9">
      <Start>2001-07-05T19:00:00</Start>
      <Duration>PT30M</Duration>
      <Series>Simpsons</Series>
      <Title></Title>
    </Program>
    <Program rating="9">
      <Start>2001-07-05T19:30:00</Start>
      <Duration>PT30M</Duration>
      <Series>Simpsons</Series>
      <Title></Title>
    </Program>
    <Program rating="8">
      <Start>2001-07-05T20:00:00</Start>
      <Duration>PT1H</Duration>
      <Series>StarTrekVoyager</Series>
      <Title>Renaissance Man</Title>
    </Program>
    <Program rating="6">
      <Start>2001-07-05T21:00:00</Start>
      <Duration>PT1H</Duration>
      <Series>DarkAngel</Series>
      <Title></Title>
    </Program>
    <Program flag="favorite" rating="10">
      <Start>2001-07-05T22:00:00</Start>
      <Duration>PT1H</Duration>
      <Series>StarTrekNextGeneration</Series>
      <Title>The Inner Light</Title>
    </Program>
  </Channel>
  <Series id="EastEnders" type="soap">
    <Title>EastEnders</Title>
    <Description>Soap set in the East End of London.</Description>
  </Series>
  <Series id="BBCNews" type="news">
    <Title>BBC News</Title>
    <Description>Daily news and sport.</Description>
  </Series>
  <Series id="QuestionOfSport" type="quiz">
    <Title>A Question Of Sport</Title>
    <Description>Sport quiz show.</Description>
  </Series>
  <Series id="Lottery" type="entertainment">
    <Title>The National Lottery</Title>
    <Description>More people waste their money.</Description>
  </Series>
  <Series id="Panorama" type="news">
    <Title>Panorama</Title>
    <Description>Current issues.</Description>
  </Series>
  <Series id="Snooker" type="sport">
    <Title>Snooker</Title>
    <Description>Snooker.</Description>
  </Series>
  <Series id="HomeFront" type="improvement">
    <Title>Home Front</Title>
    <Description>Home improvements show.</Description>
  </Series>
  <Series id="WildAfrica" type="documentary">
    <Title>Wild Africa</Title>
    <Description>Wildlife documentary.</Description>
  </Series>
  <Series id="Taboo" type="documentary">
    <Title>Taboo</Title>
    <Description>Documentary series on censorship.</Description>
  </Series>
  <Series id="Emmerdale" type="soap">
    <Title>Emmerdale</Title>
    <Description>Soap set in the countryside.</Description>
  </Series>
  <Series id="CoronationStreet" type="soap">
    <Title>Coronation Street</Title>
    <Description>Soap set in the north.</Description>
  </Series>
  <Series id="Millionaire" type="quiz">
    <Title>Who Wants to Be a Millionaire?</Title>
    <Description>Quiz show.</Description>
  </Series>
  <Series id="Channel4News" type="news">
    <Title>Channel 4 News</Title>
    <Description>News and weather.</Description>
  </Series>
  <Series id="SlotArt" type="documentary">
    <Title>Slot Art</Title>
    <Description>Short films on art techniques.</Description>
  </Series>
  <Series id="Brookside" type="soap">
    <Title>Brookside</Title>
    <Description>Soap set in Liverpool.</Description>
  </Series>
  <Series id="Swallow" type="drama">
    <Title>Swallow</Title>
    <Description>Drama about prescription drug use.</Description>
  </Series>
  <Series id="AllyMcBeal" type="drama">
    <Title>Ally McBeal</Title>
    <Description>Drama about single female lawyer.</Description>
  </Series>
  <Series id="5News" type="news">
    <Title>5 News</Title>
    <Description>News and sport.</Description>
  </Series>
  <Series id="MovieChartShow" type="entertainment">
    <Title>The Movie Chart Show</Title>
    <Description>Latest movie news.</Description>
  </Series>
  <Series id="Simpsons" type="cartoon">
    <Title>The Simpsons</Title>
    <Description>Insightful observations on American family life.</Description>
  </Series>
  <Series id="StarTrekVoyager" type="drama">
    <Title>Star Trek: Voyager</Title>
    <Description>Sci-fi series set on a space ship stranded far from earth.</Description>
  </Series>
  <Series id="DarkAngel" type="drama">
    <Title>Dark Angel</Title>
    <Description>Genetically-engineered soldiers in near-future Seattle.</Description>
  </Series>
  <Series id="StarTrekNextGeneration" type="drama">
    <Title>Star Trek: The Next Generation</Title>
    <Description>Sci-fi series starring <Actor>Patrick Stewart</Actor>.</Description>
  </Series>
</TVGuide>