<?xml version="1.0" encoding="ISO-8859-1"?>
<?xml-stylesheet type="text/xsl" href="TVGuide.xsl"?>
<TVGuide xmlns="http://www.example.com/TVGuide"
         xmlns:xsi="http://www.w3.org/2001/XMLSchema"
         xsi:schemaLocation="http://www.example.com/TVGuide
                             TVGuide.xsd"
         start="2001-07-05" end="2001-07-05"
>&#xA;&#x20;&#x20;<Channel
>&#xA;&#x20;&#x20;&#x20;&#x20;<Name>BBC1</Name
>&#xA;&#x20;&#x20;&#x20;&#x20;<Program
>&#xA;&#x20;&#x20;&#x20;&#x20;&#x20;&#x20;<Start>2001-07-05T19:00:00</Start
>&#xA;&#x20;&#x20;&#x20;&#x20;&#x20;&#x20;<Duration>PT30M</Duration
>&#xA;&#x20;&#x20;&#x20;&#x20;&#x20;&#x20;<Series>QuestionOfSport</Series
>&#xA;&#x20;&#x20;&#x20;&#x20;&#x20;&#x20;<Title></Title
>&#xA;&#x20;&#x20;&#x20;&#x20;</Program
>&#xA;&#x20;&#x20;&#x20;&#x20;<Program rating="5" flag="favorite"
>&#xA;&#x20;&#x20;&#x20;&#x20;&#x20;&#x20;<Start>2001-07-05T19:30:00</Start
>&#xA;&#x20;&#x20;&#x20;&#x20;&#x20;&#x20;<Duration>PT30M</Duration
>&#xA;&#x20;&#x20;&#x20;&#x20;&#x20;&#x20;<Series>EastEnders</Series
>&#xA;&#x20;&#x20;&#x20;&#x20;&#x20;&#x20;<Title></Title
>&#xA;&#x20;&#x20;&#x20;&#x20;&#x20;&#x20;<Description
>&#xA;&#x20;&#x20;&#x20;&#x20;&#x20;&#x20;&#x20;&#x20;<Character>Mark</Character>'s&#x20;health&#x20;scare&#x20;forces&#x20;him&#x20;to&#x20;reconsider&#x20;his&#xA;&#x20;&#x20;&#x20;&#x20;&#x20;&#x20;&#x20;&#x20;future&#x20;with&#x20;<Character>Lisa</Character>,&#x20;while&#x20;&#xA;&#x20;&#x20;&#x20;&#x20;&#x20;&#x20;&#x20;&#x20;<Link href="http://www.bbc.co.uk/eastenders/characters/jamie_m_biog.shtml"
>&#xA;&#x20;&#x20;&#x20;&#x20;&#x20;&#x20;&#x20;&#x20;&#x20;&#x20;<Character>Jamie</Character
>&#xA;&#x20;&#x20;&#x20;&#x20;&#x20;&#x20;&#x20;&#x20;</Link
>&#x20;is&#x20;torn&#x20;between&#x20;<Character>Sonia</Character
>&#x20;and&#x20;&#xA;&#x20;&#x20;&#x20;&#x20;&#x20;&#x20;&#x20;&#x20;<Character>Zoe</Character>.&#xA;&#x20;&#x20;&#x20;&#x20;&#x20;&#x20;</Description
>&#xA;&#x20;&#x20;&#x20;&#x20;&#x20;&#x20;<CastList
>&#xA;&#x20;&#x20;&#x20;&#x20;&#x20;&#x20;&#x20;&#x20;<CastMember
>&#xA;&#x20;&#x20;&#x20;&#x20;&#x20;&#x20;&#x20;&#x20;&#x20;&#x20;<Character
>&#xA;&#x20;&#x20;&#x20;&#x20;&#x20;&#x20;&#x20;&#x20;&#x20;&#x20;&#x20;&#x20;<Name>Zoe&#x20;Slater</Name
>&#xA;&#x20;&#x20;&#x20;&#x20;&#x20;&#x20;&#x20;&#x20;&#x20;&#x20;&#x20;&#x20;<Description
>&#xA;&#x20;&#x20;&#x20;&#x20;&#x20;&#x20;&#x20;&#x20;&#x20;&#x20;&#x20;&#x20;&#x20;&#x20;The&#x20;youngest&#x20;Slater&#x20;girl,&#x20;<Character>Zoe</Character
>&#x20;really&#x20;&#xA;&#x20;&#x20;&#x20;&#x20;&#x20;&#x20;&#x20;&#x20;&#x20;&#x20;&#x20;&#x20;&#x20;&#x20;makes&#x20;the&#x20;most&#x20;of&#x20;the&#x20;fact&#x20;she's&#x20;the&#x20;baby&#x20;of&#x20;the&#x20;family.&#xA;&#x20;&#x20;&#x20;&#x20;&#x20;&#x20;&#x20;&#x20;&#x20;&#x20;&#x20;&#x20;</Description
>&#xA;&#x20;&#x20;&#x20;&#x20;&#x20;&#x20;&#x20;&#x20;&#x20;&#x20;</Character
>&#xA;&#x20;&#x20;&#x20;&#x20;&#x20;&#x20;&#x20;&#x20;&#x20;&#x20;<Actor
>&#xA;&#x20;&#x20;&#x20;&#x20;&#x20;&#x20;&#x20;&#x20;&#x20;&#x20;&#x20;&#x20;<Name>Michelle&#x20;Ryan</Name
>&#xA;&#x20;&#x20;&#x20;&#x20;&#x20;&#x20;&#x20;&#x20;&#x20;&#x20;&#x20;&#x20;<Description
>&#xA;&#x20;&#x20;&#x20;&#x20;&#x20;&#x20;&#x20;&#x20;&#x20;&#x20;&#x20;&#x20;&#x20;&#x20;For&#x20;more&#x20;details,&#x20;see&#x20;&#xA;&#x20;&#x20;&#x20;&#x20;&#x20;&#x20;&#x20;&#x20;&#x20;&#x20;&#x20;&#x20;&#x20;&#x20;<Link href="http://www.ajmanagement.co.uk/michelle-ryan.htm"
>&#xA;&#x20;&#x20;&#x20;&#x20;&#x20;&#x20;&#x20;&#x20;&#x20;&#x20;&#x20;&#x20;&#x20;&#x20;&#x20;&#x20;<Actor>Michelle&#x20;Ryan</Actor>'s&#x20;Agency&#xA;&#x20;&#x20;&#x20;&#x20;&#x20;&#x20;&#x20;&#x20;&#x20;&#x20;&#x20;&#x20;&#x20;&#x20;</Link>.&#xA;&#x20;&#x20;&#x20;&#x20;&#x20;&#x20;&#x20;&#x20;&#x20;&#x20;&#x20;&#x20;</Description
>&#xA;&#x20;&#x20;&#x20;&#x20;&#x20;&#x20;&#x20;&#x20;&#x20;&#x20;</Actor
>&#xA;&#x20;&#x20;&#x20;&#x20;&#x20;&#x20;&#x20;&#x20;</CastMember
>&#xA;&#x20;&#x20;&#x20;&#x20;&#x20;&#x20;&#x20;&#x20;<CastMember
>&#xA;&#x20;&#x20;&#x20;&#x20;&#x20;&#x20;&#x20;&#x20;&#x20;&#x20;<Character
>&#xA;&#x20;&#x20;&#x20;&#x20;&#x20;&#x20;&#x20;&#x20;&#x20;&#x20;&#x20;&#x20;<Name>Jamie&#x20;Mitchell</Name
>&#xA;&#x20;&#x20;&#x20;&#x20;&#x20;&#x20;&#x20;&#x20;&#x20;&#x20;&#x20;&#x20;<Description
>&#xA;&#x20;&#x20;&#x20;&#x20;&#x20;&#x20;&#x20;&#x20;&#x20;&#x20;&#x20;&#x20;&#x20;&#x20;Jamie's&#x20;a&#x20;bit&#x20;of&#x20;a&#x20;heartthrob&#x20;(who&#x20;could&#x20;resist&#x20;that&#x20;&#xA;&#x20;&#x20;&#x20;&#x20;&#x20;&#x20;&#x20;&#x20;&#x20;&#x20;&#x20;&#x20;&#x20;&#x20;little-boy-lost&#x20;look?)&#x20;but&#x20;until&#x20;<Character>Janine&#x20;&#xA;&#x20;&#x20;&#x20;&#x20;&#x20;&#x20;&#x20;&#x20;&#x20;&#x20;&#x20;&#x20;&#x20;&#x20;Butcher</Character
>&#x20;came&#x20;along&#x20;he'd&#x20;steered&#x20;clear&#x20;of&#x20;girls.&#xA;&#x20;&#x20;&#x20;&#x20;&#x20;&#x20;&#x20;&#x20;&#x20;&#x20;&#x20;&#x20;</Description
>&#xA;&#x20;&#x20;&#x20;&#x20;&#x20;&#x20;&#x20;&#x20;&#x20;&#x20;</Character
>&#xA;&#x20;&#x20;&#x20;&#x20;&#x20;&#x20;&#x20;&#x20;&#x20;&#x20;<Actor
>&#xA;&#x20;&#x20;&#x20;&#x20;&#x20;&#x20;&#x20;&#x20;&#x20;&#x20;&#x20;&#x20;<Name>Jack&#x20;Ryder</Name
>&#xA;&#x20;&#x20;&#x20;&#x20;&#x20;&#x20;&#x20;&#x20;&#x20;&#x20;&#x20;&#x20;<Description
>&#xA;&#x20;&#x20;&#x20;&#x20;&#x20;&#x20;&#x20;&#x20;&#x20;&#x20;&#x20;&#x20;&#x20;&#x20;Won&#x20;Best&#x20;Newcomer&#x20;for&#x20;<Character>Jamie&#x20;Mitchell</Character
>&#xA;&#x20;&#x20;&#x20;&#x20;&#x20;&#x20;&#x20;&#x20;&#x20;&#x20;&#x20;&#x20;&#x20;&#x20;in&#x20;the&#x20;1999&#x20;TV&#x20;awards.&#xA;&#x20;&#x20;&#x20;&#x20;&#x20;&#x20;&#x20;&#x20;&#x20;&#x20;&#x20;&#x20;</Description
>&#xA;&#x20;&#x20;&#x20;&#x20;&#x20;&#x20;&#x20;&#x20;&#x20;&#x20;</Actor
>&#xA;&#x20;&#x20;&#x20;&#x20;&#x20;&#x20;&#x20;&#x20;</CastMember
>&#xA;&#x20;&#x20;&#x20;&#x20;&#x20;&#x20;&#x20;&#x20;<CastMember
>&#xA;&#x20;&#x20;&#x20;&#x20;&#x20;&#x20;&#x20;&#x20;&#x20;&#x20;<Character
>&#xA;&#x20;&#x20;&#x20;&#x20;&#x20;&#x20;&#x20;&#x20;&#x20;&#x20;&#x20;&#x20;<Name>Sonia&#x20;Jackson</Name
>&#xA;&#x20;&#x20;&#x20;&#x20;&#x20;&#x20;&#x20;&#x20;&#x20;&#x20;&#x20;&#x20;<Description
>&#xA;&#x20;&#x20;&#x20;&#x20;&#x20;&#x20;&#x20;&#x20;&#x20;&#x20;&#x20;&#x20;&#x20;&#x20;Amongst&#x20;the&#x20;Jackson&#x20;crowd&#x20;<Character>Sonia</Character
>&#x20;has&#x20;&#xA;&#x20;&#x20;&#x20;&#x20;&#x20;&#x20;&#x20;&#x20;&#x20;&#x20;&#x20;&#x20;&#x20;&#x20;always&#x20;been&#x20;the&#x20;one&#x20;with&#x20;her&#x20;head&#x20;screwed&#x20;on&#x20;right.&#xA;&#x20;&#x20;&#x20;&#x20;&#x20;&#x20;&#x20;&#x20;&#x20;&#x20;&#x20;&#x20;</Description
>&#xA;&#x20;&#x20;&#x20;&#x20;&#x20;&#x20;&#x20;&#x20;&#x20;&#x20;</Character
>&#xA;&#x20;&#x20;&#x20;&#x20;&#x20;&#x20;&#x20;&#x20;&#x20;&#x20;<Actor
>&#xA;&#x20;&#x20;&#x20;&#x20;&#x20;&#x20;&#x20;&#x20;&#x20;&#x20;&#x20;&#x20;<Name>Natalie&#x20;Cassidy</Name
>&#xA;&#x20;&#x20;&#x20;&#x20;&#x20;&#x20;&#x20;&#x20;&#x20;&#x20;&#x20;&#x20;<Description
>&#xA;&#x20;&#x20;&#x20;&#x20;&#x20;&#x20;&#x20;&#x20;&#x20;&#x20;&#x20;&#x20;&#x20;&#x20;Started&#x20;training&#x20;at&#x20;The&#x20;Anna&#x20;Scher&#x20;Theatre&#x20;when&#x20;she&#x20;was&#x20;&#xA;&#x20;&#x20;&#x20;&#x20;&#x20;&#x20;&#x20;&#x20;&#x20;&#x20;&#x20;&#x20;&#x20;&#x20;eight&#x20;years&#x20;old.&#xA;&#x20;&#x20;&#x20;&#x20;&#x20;&#x20;&#x20;&#x20;&#x20;&#x20;&#x20;&#x20;</Description
>&#xA;&#x20;&#x20;&#x20;&#x20;&#x20;&#x20;&#x20;&#x20;&#x20;&#x20;</Actor
>&#xA;&#x20;&#x20;&#x20;&#x20;&#x20;&#x20;&#x20;&#x20;</CastMember
>&#xA;&#x20;&#x20;&#x20;&#x20;&#x20;&#x20;</CastList
>&#xA;&#x20;&#x20;&#x20;&#x20;&#x20;&#x20;<Writers
>&#xA;&#x20;&#x20;&#x20;&#x20;&#x20;&#x20;&#x20;&#x20;<Writer><Name>Nick&#x20;Saltrese</Name></Writer
>&#xA;&#x20;&#x20;&#x20;&#x20;&#x20;&#x20;&#x20;&#x20;<Writer><Name>Julie&#x20;Wassmer</Name></Writer
>&#xA;&#x20;&#x20;&#x20;&#x20;&#x20;&#x20;</Writers
>&#xA;&#x20;&#x20;&#x20;&#x20;&#x20;&#x20;<Director><Name>Stewart&#x20;Edwards</Name></Director
>&#xA;&#x20;&#x20;&#x20;&#x20;&#x20;&#x20;<Producer><Name>Emma&#x20;Turner</Name></Producer
>&#xA;&#x20;&#x20;&#x20;&#x20;</Program
>&#xA;&#x20;&#x20;&#x20;&#x20;<Program type="documentary"
>&#xA;&#x20;&#x20;&#x20;&#x20;&#x20;&#x20;<Start>2001-07-05T20:00:00</Start
>&#xA;&#x20;&#x20;&#x20;&#x20;&#x20;&#x20;<Duration>PT45M</Duration
>&#xA;&#x20;&#x20;&#x20;&#x20;&#x20;&#x20;<Series></Series
>&#xA;&#x20;&#x20;&#x20;&#x20;&#x20;&#x20;<Title>Get&#x20;Real&#x20;with&#x20;Casualty</Title
>&#xA;&#x20;&#x20;&#x20;&#x20;</Program
>&#xA;&#x20;&#x20;&#x20;&#x20;<Program
>&#xA;&#x20;&#x20;&#x20;&#x20;&#x20;&#x20;<Start>2001-07-05T20:45:00</Start
>&#xA;&#x20;&#x20;&#x20;&#x20;&#x20;&#x20;<Duration>PT45M</Duration
>&#xA;&#x20;&#x20;&#x20;&#x20;&#x20;&#x20;<Series>Lottery</Series
>&#xA;&#x20;&#x20;&#x20;&#x20;&#x20;&#x20;<Title></Title
>&#xA;&#x20;&#x20;&#x20;&#x20;</Program
>&#xA;&#x20;&#x20;&#x20;&#x20;<Program
>&#xA;&#x20;&#x20;&#x20;&#x20;&#x20;&#x20;<Start>2001-07-05T21:30:00</Start
>&#xA;&#x20;&#x20;&#x20;&#x20;&#x20;&#x20;<Duration>PT1H</Duration
>&#xA;&#x20;&#x20;&#x20;&#x20;&#x20;&#x20;<Series>Panorama</Series
>&#xA;&#x20;&#x20;&#x20;&#x20;&#x20;&#x20;<Title></Title
>&#xA;&#x20;&#x20;&#x20;&#x20;</Program
>&#xA;&#x20;&#x20;</Channel
>&#xA;&#x20;&#x20;<Channel
>&#xA;&#x20;&#x20;&#x20;&#x20;<Name>BBC2</Name
>&#xA;&#x20;&#x20;&#x20;&#x20;<Program
>&#xA;&#x20;&#x20;&#x20;&#x20;&#x20;&#x20;<Start>2001-07-05T19:00:00</Start
>&#xA;&#x20;&#x20;&#x20;&#x20;&#x20;&#x20;<Duration>PT1H</Duration
>&#xA;&#x20;&#x20;&#x20;&#x20;&#x20;&#x20;<Series>Snooker</Series
>&#xA;&#x20;&#x20;&#x20;&#x20;&#x20;&#x20;<Title></Title
>&#xA;&#x20;&#x20;&#x20;&#x20;</Program
>&#xA;&#x20;&#x20;&#x20;&#x20;<Program
>&#xA;&#x20;&#x20;&#x20;&#x20;&#x20;&#x20;<Start>2001-07-05T20:00:00</Start
>&#xA;&#x20;&#x20;&#x20;&#x20;&#x20;&#x20;<Duration>PT1H</Duration
>&#xA;&#x20;&#x20;&#x20;&#x20;&#x20;&#x20;<Series>HomeFront</Series
>&#xA;&#x20;&#x20;&#x20;&#x20;&#x20;&#x20;<Title></Title
>&#xA;&#x20;&#x20;&#x20;&#x20;</Program
>&#xA;&#x20;&#x20;&#x20;&#x20;<Program
>&#xA;&#x20;&#x20;&#x20;&#x20;&#x20;&#x20;<Start>2001-07-05T21:00:00</Start
>&#xA;&#x20;&#x20;&#x20;&#x20;&#x20;&#x20;<Duration>PT50M</Duration
>&#xA;&#x20;&#x20;&#x20;&#x20;&#x20;&#x20;<Series>WildAfrica</Series
>&#xA;&#x20;&#x20;&#x20;&#x20;&#x20;&#x20;<Title></Title
>&#xA;&#x20;&#x20;&#x20;&#x20;</Program
>&#xA;&#x20;&#x20;&#x20;&#x20;<Program flag="interesting"
>&#xA;&#x20;&#x20;&#x20;&#x20;&#x20;&#x20;<Start>2001-07-05T21:50:00</Start
>&#xA;&#x20;&#x20;&#x20;&#x20;&#x20;&#x20;<Duration>PT40M</Duration
>&#xA;&#x20;&#x20;&#x20;&#x20;&#x20;&#x20;<Series>Taboo</Series
>&#xA;&#x20;&#x20;&#x20;&#x20;&#x20;&#x20;<Title>Nakedness</Title
>&#xA;&#x20;&#x20;&#x20;&#x20;</Program
>&#xA;&#x20;&#x20;</Channel
>&#xA;&#x20;&#x20;<Channel
>&#xA;&#x20;&#x20;&#x20;&#x20;<Name>ITV</Name
>&#xA;&#x20;&#x20;&#x20;&#x20;<Program
>&#xA;&#x20;&#x20;&#x20;&#x20;&#x20;&#x20;<Start>2001-07-05T19:00:00</Start
>&#xA;&#x20;&#x20;&#x20;&#x20;&#x20;&#x20;<Duration>PT30M</Duration
>&#xA;&#x20;&#x20;&#x20;&#x20;&#x20;&#x20;<Series>Emmerdale</Series
>&#xA;&#x20;&#x20;&#x20;&#x20;&#x20;&#x20;<Title></Title
>&#xA;&#x20;&#x20;&#x20;&#x20;</Program
>&#xA;&#x20;&#x20;&#x20;&#x20;<Program
>&#xA;&#x20;&#x20;&#x20;&#x20;&#x20;&#x20;<Start>2001-07-05T19:30:00</Start
>&#xA;&#x20;&#x20;&#x20;&#x20;&#x20;&#x20;<Duration>PT30M</Duration
>&#xA;&#x20;&#x20;&#x20;&#x20;&#x20;&#x20;<Series>CoronationStreet</Series
>&#xA;&#x20;&#x20;&#x20;&#x20;&#x20;&#x20;<Title></Title
>&#xA;&#x20;&#x20;&#x20;&#x20;</Program
>&#xA;&#x20;&#x20;&#x20;&#x20;<Program
>&#xA;&#x20;&#x20;&#x20;&#x20;&#x20;&#x20;<Start>2001-07-05T20:00:00</Start
>&#xA;&#x20;&#x20;&#x20;&#x20;&#x20;&#x20;<Duration>PT1H</Duration
>&#xA;&#x20;&#x20;&#x20;&#x20;&#x20;&#x20;<Series>Millionaire</Series
>&#xA;&#x20;&#x20;&#x20;&#x20;&#x20;&#x20;<Title></Title
>&#xA;&#x20;&#x20;&#x20;&#x20;</Program
>&#xA;&#x20;&#x20;&#x20;&#x20;<Program type="drama"
>&#xA;&#x20;&#x20;&#x20;&#x20;&#x20;&#x20;<Start>2001-07-05T21:00:00</Start
>&#xA;&#x20;&#x20;&#x20;&#x20;&#x20;&#x20;<Duration>PT2H</Duration
>&#xA;&#x20;&#x20;&#x20;&#x20;&#x20;&#x20;<Series></Series
>&#xA;&#x20;&#x20;&#x20;&#x20;&#x20;&#x20;<Title>Hot&#x20;Money</Title
>&#xA;&#x20;&#x20;&#x20;&#x20;</Program
>&#xA;&#x20;&#x20;</Channel
>&#xA;&#x20;&#x20;<Channel
>&#xA;&#x20;&#x20;&#x20;&#x20;<Name>Channel&#x20;4</Name
>&#xA;&#x20;&#x20;&#x20;&#x20;<Program
>&#xA;&#x20;&#x20;&#x20;&#x20;&#x20;&#x20;<Start>2001-07-05T19:00:00</Start
>&#xA;&#x20;&#x20;&#x20;&#x20;&#x20;&#x20;<Duration>PT55M</Duration
>&#xA;&#x20;&#x20;&#x20;&#x20;&#x20;&#x20;<Series>Channel4News</Series
>&#xA;&#x20;&#x20;&#x20;&#x20;&#x20;&#x20;<Title></Title
>&#xA;&#x20;&#x20;&#x20;&#x20;</Program
>&#xA;&#x20;&#x20;&#x20;&#x20;<Program
>&#xA;&#x20;&#x20;&#x20;&#x20;&#x20;&#x20;<Start>2001-07-05T19:55:00</Start
>&#xA;&#x20;&#x20;&#x20;&#x20;&#x20;&#x20;<Duration>PT5M</Duration
>&#xA;&#x20;&#x20;&#x20;&#x20;&#x20;&#x20;<Series>SlotArt</Series
>&#xA;&#x20;&#x20;&#x20;&#x20;&#x20;&#x20;<Title></Title
>&#xA;&#x20;&#x20;&#x20;&#x20;</Program
>&#xA;&#x20;&#x20;&#x20;&#x20;<Program
>&#xA;&#x20;&#x20;&#x20;&#x20;&#x20;&#x20;<Start>2001-07-05T20:00:00</Start
>&#xA;&#x20;&#x20;&#x20;&#x20;&#x20;&#x20;<Duration>PT30M</Duration
>&#xA;&#x20;&#x20;&#x20;&#x20;&#x20;&#x20;<Series>Brookside</Series
>&#xA;&#x20;&#x20;&#x20;&#x20;&#x20;&#x20;<Title></Title
>&#xA;&#x20;&#x20;&#x20;&#x20;</Program
>&#xA;&#x20;&#x20;&#x20;&#x20;<Program
>&#xA;&#x20;&#x20;&#x20;&#x20;&#x20;&#x20;<Start>2001-07-05T20:30:00</Start
>&#xA;&#x20;&#x20;&#x20;&#x20;&#x20;&#x20;<Duration>PT30M</Duration
>&#xA;&#x20;&#x20;&#x20;&#x20;&#x20;&#x20;<Series>Brookside</Series
>&#xA;&#x20;&#x20;&#x20;&#x20;&#x20;&#x20;<Title></Title
>&#xA;&#x20;&#x20;&#x20;&#x20;</Program
>&#xA;&#x20;&#x20;&#x20;&#x20;<Program
>&#xA;&#x20;&#x20;&#x20;&#x20;&#x20;&#x20;<Start>2001-07-05T21:00:00</Start
>&#xA;&#x20;&#x20;&#x20;&#x20;&#x20;&#x20;<Duration>PT1H</Duration
>&#xA;&#x20;&#x20;&#x20;&#x20;&#x20;&#x20;<Series>Swallow</Series
>&#xA;&#x20;&#x20;&#x20;&#x20;&#x20;&#x20;<Title></Title
>&#xA;&#x20;&#x20;&#x20;&#x20;</Program
>&#xA;&#x20;&#x20;&#x20;&#x20;<Program flag="favorite"
>&#xA;&#x20;&#x20;&#x20;&#x20;&#x20;&#x20;<Start>2001-07-05T22:00:00</Start
>&#xA;&#x20;&#x20;&#x20;&#x20;&#x20;&#x20;<Duration>PT1H</Duration
>&#xA;&#x20;&#x20;&#x20;&#x20;&#x20;&#x20;<Series>AllyMcBeal</Series
>&#xA;&#x20;&#x20;&#x20;&#x20;&#x20;&#x20;<Title></Title
>&#xA;&#x20;&#x20;&#x20;&#x20;</Program
>&#xA;&#x20;&#x20;</Channel
>&#xA;&#x20;&#x20;<Channel
>&#xA;&#x20;&#x20;&#x20;&#x20;<Name>Channel&#x20;5</Name
>&#xA;&#x20;&#x20;&#x20;&#x20;<Program
>&#xA;&#x20;&#x20;&#x20;&#x20;&#x20;&#x20;<Start>2001-07-05T19:00:00</Start
>&#xA;&#x20;&#x20;&#x20;&#x20;&#x20;&#x20;<Duration>PT30M</Duration
>&#xA;&#x20;&#x20;&#x20;&#x20;&#x20;&#x20;<Series>MovieChartShow</Series
>&#xA;&#x20;&#x20;&#x20;&#x20;&#x20;&#x20;<Title></Title
>&#xA;&#x20;&#x20;&#x20;&#x20;</Program
>&#xA;&#x20;&#x20;&#x20;&#x20;<Program
>&#xA;&#x20;&#x20;&#x20;&#x20;&#x20;&#x20;<Start>2001-07-05T19:30:00</Start
>&#xA;&#x20;&#x20;&#x20;&#x20;&#x20;&#x20;<Duration>PT30M</Duration
>&#xA;&#x20;&#x20;&#x20;&#x20;&#x20;&#x20;<Series>FiveNews</Series
>&#xA;&#x20;&#x20;&#x20;&#x20;&#x20;&#x20;<Title></Title
>&#xA;&#x20;&#x20;&#x20;&#x20;</Program
>&#xA;&#x20;&#x20;&#x20;&#x20;<Program type="entertainment"
>&#xA;&#x20;&#x20;&#x20;&#x20;&#x20;&#x20;<Start>2001-07-05T20:00:00</Start
>&#xA;&#x20;&#x20;&#x20;&#x20;&#x20;&#x20;<Duration>PT1H</Duration
>&#xA;&#x20;&#x20;&#x20;&#x20;&#x20;&#x20;<Series></Series
>&#xA;&#x20;&#x20;&#x20;&#x20;&#x20;&#x20;<Title>The&#x20;World's&#x20;Worst&#x20;Drivers&#x20;Caught&#x20;On&#x20;Tape</Title
>&#xA;&#x20;&#x20;&#x20;&#x20;</Program
>&#xA;&#x20;&#x20;&#x20;&#x20;<Program type="film"
>&#xA;&#x20;&#x20;&#x20;&#x20;&#x20;&#x20;<Start>2001-07-05T21:00:00</Start
>&#xA;&#x20;&#x20;&#x20;&#x20;&#x20;&#x20;<Duration>PT1H55M</Duration
>&#xA;&#x20;&#x20;&#x20;&#x20;&#x20;&#x20;<Series></Series
>&#xA;&#x20;&#x20;&#x20;&#x20;&#x20;&#x20;<Title>Black&#x20;and&#x20;White</Title
>&#xA;&#x20;&#x20;&#x20;&#x20;</Program
>&#xA;&#x20;&#x20;</Channel
>&#xA;&#x20;&#x20;<Channel
>&#xA;&#x20;&#x20;&#x20;&#x20;<Name>Sky&#x20;One</Name
>&#xA;&#x20;&#x20;&#x20;&#x20;<Program
>&#xA;&#x20;&#x20;&#x20;&#x20;&#x20;&#x20;<Start>2001-07-05T19:00:00</Start
>&#xA;&#x20;&#x20;&#x20;&#x20;&#x20;&#x20;<Duration>PT30M</Duration
>&#xA;&#x20;&#x20;&#x20;&#x20;&#x20;&#x20;<Series>Simpsons</Series
>&#xA;&#x20;&#x20;&#x20;&#x20;&#x20;&#x20;<Title></Title
>&#xA;&#x20;&#x20;&#x20;&#x20;</Program
>&#xA;&#x20;&#x20;&#x20;&#x20;<Program
>&#xA;&#x20;&#x20;&#x20;&#x20;&#x20;&#x20;<Start>2001-07-05T19:30:00</Start
>&#xA;&#x20;&#x20;&#x20;&#x20;&#x20;&#x20;<Duration>PT30M</Duration
>&#xA;&#x20;&#x20;&#x20;&#x20;&#x20;&#x20;<Series>Simpsons</Series
>&#xA;&#x20;&#x20;&#x20;&#x20;&#x20;&#x20;<Title></Title
>&#xA;&#x20;&#x20;&#x20;&#x20;</Program
>&#xA;&#x20;&#x20;&#x20;&#x20;<Program rating="8"
>&#xA;&#x20;&#x20;&#x20;&#x20;&#x20;&#x20;<Start>2001-07-05T20:00:00</Start
>&#xA;&#x20;&#x20;&#x20;&#x20;&#x20;&#x20;<Duration>PT1H</Duration
>&#xA;&#x20;&#x20;&#x20;&#x20;&#x20;&#x20;<Series>StarTrekVoyager</Series
>&#xA;&#x20;&#x20;&#x20;&#x20;&#x20;&#x20;<Title>Renaissance&#x20;Man</Title
>&#xA;&#x20;&#x20;&#x20;&#x20;</Program
>&#xA;&#x20;&#x20;&#x20;&#x20;<Program
>&#xA;&#x20;&#x20;&#x20;&#x20;&#x20;&#x20;<Start>2001-07-05T21:00:00</Start
>&#xA;&#x20;&#x20;&#x20;&#x20;&#x20;&#x20;<Duration>PT1H</Duration
>&#xA;&#x20;&#x20;&#x20;&#x20;&#x20;&#x20;<Series>DarkAngel</Series
>&#xA;&#x20;&#x20;&#x20;&#x20;&#x20;&#x20;<Title></Title
>&#xA;&#x20;&#x20;&#x20;&#x20;</Program
>&#xA;&#x20;&#x20;&#x20;&#x20;<Program flag="favorite"
>&#xA;&#x20;&#x20;&#x20;&#x20;&#x20;&#x20;<Start>2001-07-05T22:00:00</Start
>&#xA;&#x20;&#x20;&#x20;&#x20;&#x20;&#x20;<Duration>PT1H</Duration
>&#xA;&#x20;&#x20;&#x20;&#x20;&#x20;&#x20;<Series>StarTrekNextGeneration</Series
>&#xA;&#x20;&#x20;&#x20;&#x20;&#x20;&#x20;<Title>The&#x20;Inner&#x20;Light</Title
>&#xA;&#x20;&#x20;&#x20;&#x20;</Program
>&#xA;&#x20;&#x20;</Channel
>&#xA;</TVGuide>