<?xml version="1.0"?>
<prefs>
   <source>
      <selected background="#DDD" />
   </source>
   <summary>
      <selected background="Highlight" color="HighlightText" cursor="default" />
      <tables>
         <table name="import">
            <col value="name()" label="Imports &amp; Includes" movable="no" />
            <col value="@href" label="URL" />
            <sort select="name()" />
            <sort select="@href" />
         </table>
         <table name="spacing">
            <col value="name()" label="Whitespace Control" movable="no" />
            <col value="@elements" label="Elements" />
            <sort select="name()" />
            <sort select="@elements" />
         </table>
         <table name="output">
            <col value="name()" label="Output Control" movable="no" />
            <col value="@method" label="Method" />
            <col value="@doctype-public" label="Public" />
            <col value="@doctype-system" label="System" />
         </table>
         <table name="namespaces">
            <col value="name()" label="Namespace Aliases" movable="no" />
            <col value="@stylesheet-prefix" label="Stylesheet" />
            <col value="@result-prefix" label="Result" />
            <sort select="@stylesheet-prefix" />
            <sort select="@result-prefix" />
         </table>
         <table name="variables">
            <col value="name()" label="Variables &amp; Parameters" movable="no" />
            <col value="@name" label="Name" />
            <col value="@select" label="Select" />
            <col value="#content" label="Content" />
            <sort select="name()" />
            <sort select="@name" />
            <sort select="@select" />
            <sort select="#content" />
         </table>
         <table name="keys">
            <col value="name()" label="Keys" movable="no" />
            <col value="@name" label="Name" />
            <col value="@match" label="Match" />
            <col value="@use" label="Use" />
            <sort select="@name" />
            <sort select="@match" />
            <sort select="@use" />
         </table>
         <table name="templates">
            <col value="name()" label="Templates" movable="no" />
            <col value="@match" label="Match" />
            <col value="@mode" label="Mode" />
            <col value="@priority" label="Priority" />
            <sort select="@mode" />
            <sort select="@match" />
            <sort select="@priority" />
         </table>
         <table name="named-templates">
            <col value="name()" label="Named Templates" movable="no" />
            <col value="@name" label="Name" />
            <sort select="@name" />
         </table>
         <table name="attributes">
            <col value="name()" label="Attribute Sets" movable="no" />
            <col value="@name" label="Name" />
            <col value="@use-attribute-sets" label="Uses" />
            <sort select="@name" />
            <sort select="@use-attribute-sets" />
         </table>
         <table name="decimals">
            <col value="name()" label="Decimal Formats" movable="no" />
            <col value="@name" label="Name" />
            <col value="@grouping-separator" label="Groups" />
            <col value="@decimal-separator" label="Decimals" />
            <sort select="@name" />
            <sort select="@grouping-separator" />
            <sort select="@decimal-separator" />
         </table>
      </tables>
   </summary>
</prefs>